id,class,valid,name,n,ms,sorted_ms,product,log2_product,L,kappa_mov,kappa_tot,H_pos_sum,H_pos_avg,H_mover,H_joint,coverage,L_over_n,L_over_n2,kappa_mov_over_L,kappa_mov_over_nL,Hpos_over_log2prod,Hpos_over_nlog23
1,at_smallN,True,w5,5,"[2,2,2,3,4]","[2,2,2,3,4]",96,6.584962500721156,18,18,51,6.338856,1.267771,2.19716,5.390092,0.1875,3.6,0.72,1.0,0.2,0.9626,0.7999
2,at_smallN,True,w6,6,"[2,2,2,4,3,3]","[2,2,2,3,3,4]",288,8.169925001442312,35,30,82,7.902076,1.317013,2.257509,5.785032,0.121528,5.8333,0.9722,0.8571,0.1429,0.9672,0.8309
3,at_smallN,True,w7,7,"[3,2,2,2,3,4,3]","[2,2,2,3,3,3,4]",864,9.754887502163468,52,35,99,8.73433,1.247761,2.46825,5.934428,0.060185,7.4286,1.0612,0.6731,0.0962,0.8954,0.7872
4,at_smallN,True,w8,8,"[2,2,3,4,3,3,2,3]","[2,2,2,3,3,3,3,4]",2592,11.339850002884624,55,38,108,9.235104,1.154388,2.670861,5.900273,0.021219,6.875,0.8594,0.6909,0.0864,0.8144,0.7283
5,at_clb,True,,5,"[2,3,3,3,2]","[2,2,3,3,3]",108,6.754887502163468,13,13,39,6.420064,1.284013,2.295466,5.056306,0.12037,2.6,0.52,1.0,0.2,0.9504,0.8101
6,at_clb,True,,6,"[2,3,3,3,3,2]","[2,2,3,3,3,3]",324,8.339850002884624,16,16,48,7.842702,1.307117,2.561278,5.220176,0.049383,2.6667,0.4444,1.0,0.1667,0.9404,0.8247
7,at_clb,True,,7,"[2,3,3,3,3,3,2]","[2,2,3,3,3,3,3]",972,9.92481250360578,19,19,57,9.258777,1.322682,2.786115,5.350579,0.019547,2.7143,0.3878,1.0,0.1429,0.9329,0.8345
8,at_clb,True,,8,"[2,3,3,3,3,3,3,2]","[2,2,3,3,3,3,3,3]",2916,11.509775004326936,22,22,66,10.670764,1.333846,2.980826,5.461844,0.007545,2.75,0.3438,1.0,0.125,0.9271,0.8416
9,at_clb,True,,9,"[2,3,3,3,3,3,3,3,2]","[2,2,3,3,3,3,3,3,3]",8748,13.094737505048093,25,25,75,12.080023,1.342225,3.152488,5.560597,0.002858,2.7778,0.3086,1.0,0.1111,0.9225,0.8468
10,at_clb,True,,10,"[2,3,3,3,3,3,3,3,3,2]","[2,2,3,3,3,3,3,3,3,3]",26244,14.679700005769249,28,28,84,13.487361,1.348736,3.305958,5.650343,0.001067,2.8,0.28,1.0,0.1,0.9188,0.851
11,sub,False,,5,"[2,2,2,2,2]","[2,2,2,2,2]",32,5.0,10,10,30,5.0,1.0,2.321928,4.692879,0.3125,2.0,0.4,1.0,0.2,1.0,0.6309
12,sub,False,,5,"[2,2,2,2,4]","[2,2,2,2,4]",64,6.0,10,10,30,5.0,1.0,2.321928,4.692879,0.15625,2.0,0.4,1.0,0.2,0.8333,0.6309
13,sub,False,,5,"[2,2,2,3,2]","[2,2,2,2,3]",48,5.584962500721156,14,14,40,5.440527,1.088105,2.235926,5.04716,0.291667,2.8,0.56,1.0,0.2,0.9741,0.6865
14,sub,False,,5,"[2,2,2,4,2]","[2,2,2,2,4]",64,6.0,14,14,40,5.683978,1.136796,2.235926,5.01421,0.21875,2.8,0.56,1.0,0.2,0.9473,0.7172
15,sub,False,,5,"[2,2,3,2,2]","[2,2,2,2,3]",48,5.584962500721156,14,14,40,5.440527,1.088105,2.235926,5.04716,0.291667,2.8,0.56,1.0,0.2,0.9741,0.6865
16,sub,False,,5,"[2,2,3,3,2]","[2,2,2,3,3]",72,6.169925001442312,16,16,45,5.753421,1.150684,2.227217,5.190634,0.222222,3.2,0.64,1.0,0.2,0.9325,0.726
17,sub,False,,5,"[2,2,5,2,2]","[2,2,2,2,5]",80,6.321928094887363,18,18,50,6.02383,1.204766,2.113283,5.267652,0.225,3.6,0.72,1.0,0.2,0.9528,0.7601
18,sub,False,,5,"[2,3,2,2,3]","[2,2,2,3,3]",72,6.169925001442312,14,14,40,5.440527,1.088105,2.235926,5.04716,0.194444,2.8,0.56,1.0,0.2,0.8818,0.6865
19,sub,False,,6,"[2,2,2,2,2,2]","[2,2,2,2,2,2]",64,6.0,12,12,36,6.0,1.0,2.584963,4.836592,0.1875,2.0,0.3333,1.0,0.1667,1.0,0.6309
20,sub,False,,6,"[2,2,2,2,6,2]","[2,2,2,2,2,6]",192,7.584962500721156,20,20,56,6.896114,1.149352,2.370951,5.226484,0.104167,3.3333,0.5556,1.0,0.1667,0.9092,0.7252
21,sub,False,,6,"[2,2,2,5,2,2]","[2,2,2,2,2,5]",160,7.321928094887363,20,20,56,6.936044,1.156007,2.370951,5.28423,0.125,3.3333,0.5556,1.0,0.1667,0.9473,0.7294
22,sub,False,,6,"[2,2,3,3,3,2]","[2,2,2,3,3,3]",216,7.754887502163468,22,22,62,7.125024,1.187504,2.494919,5.430367,0.101852,3.6667,0.6111,1.0,0.1667,0.9188,0.7492
23,sub,False,,6,"[2,3,3,2,3,2]","[2,2,2,3,3,3]",216,7.754887502163468,22,22,61,6.700533,1.116755,2.533771,5.444466,0.101852,3.6667,0.6111,1.0,0.1667,0.864,0.7046
24,sub,False,,6,"[2,5,2,3,2,2]","[2,2,2,2,3,5]",240,7.906890595608519,21,21,59,7.113226,1.185538,2.403058,5.340081,0.0875,3.5,0.5833,1.0,0.1667,0.8996,0.748
25,sub,False,,6,"[3,2,2,4,2,2]","[2,2,2,2,3,4]",192,7.584962500721156,17,17,49,6.853162,1.142194,2.513646,5.1519,0.088542,2.8333,0.4722,1.0,0.1667,0.9035,0.7206
26,sub,False,,7,"[2,2,2,2,2,2,2]","[2,2,2,2,2,2,2]",128,7.0,14,14,42,7.0,1.0,2.807355,4.95619,0.109375,2.0,0.2857,1.0,0.1429,1.0,0.6309
27,sub,False,,7,"[2,3,2,2,5,2,3]","[2,2,2,2,3,3,5]",720,9.491853096329674,17,17,51,7.700285,1.100041,2.74894,5.123799,0.023611,2.4286,0.3469,1.0,0.1429,0.8113,0.694
28,sub,False,,7,"[2,4,2,3,2,2,3]","[2,2,2,2,3,3,4]",576,9.169925001442312,17,17,51,7.6802,1.097171,2.74894,5.120031,0.029514,2.4286,0.3469,1.0,0.1429,0.8375,0.6922
29,sub,False,,7,"[3,2,2,2,2,3,4]","[2,2,2,2,3,3,4]",576,9.169925001442312,16,16,48,7.532264,1.076038,2.780639,5.077569,0.027778,2.2857,0.3265,1.0,0.1429,0.8214,0.6789
30,sub,False,,8,"[2,2,2,2,2,2,2,2]","[2,2,2,2,2,2,2,2]",256,8.0,16,16,48,8.0,1.0,3.0,5.061278,0.0625,2.0,0.25,1.0,0.125,1.0,0.6309
31,sub,False,,8,"[2,2,2,2,2,2,2,3]","[2,2,2,2,2,2,2,3]",384,8.584962500721156,16,16,48,8.0,1.0,3.0,5.061278,0.041667,2.0,0.25,1.0,0.125,0.9319,0.6309
32,sub,False,,8,"[2,2,2,2,2,2,2,4]","[2,2,2,2,2,2,2,4]",512,9.0,16,16,48,8.0,1.0,3.0,5.061278,0.03125,2.0,0.25,1.0,0.125,0.8889,0.6309
33,sub,False,,8,"[2,2,2,2,2,2,2,5]","[2,2,2,2,2,2,2,5]",640,9.321928094887362,16,16,48,8.0,1.0,3.0,5.061278,0.025,2.0,0.25,1.0,0.125,0.8582,0.6309
34,sub,False,,8,"[2,2,2,2,2,2,2,6]","[2,2,2,2,2,2,2,6]",768,9.584962500721156,16,16,48,8.0,1.0,3.0,5.061278,0.020833,2.0,0.25,1.0,0.125,0.8346,0.6309
35,sub,False,,8,"[2,2,2,2,2,2,2,7]","[2,2,2,2,2,2,2,7]",896,9.807354922057604,16,16,48,8.0,1.0,3.0,5.061278,0.017857,2.0,0.25,1.0,0.125,0.8157,0.6309
36,sub,False,,8,"[2,2,2,2,2,2,2,8]","[2,2,2,2,2,2,2,8]",1024,10.0,16,16,48,8.0,1.0,3.0,5.061278,0.015625,2.0,0.25,1.0,0.125,0.8,0.6309
37,sub,False,,8,"[2,2,2,2,2,2,2,9]","[2,2,2,2,2,2,2,9]",1152,10.169925001442312,16,16,48,8.0,1.0,3.0,5.061278,0.013889,2.0,0.25,1.0,0.125,0.7866,0.6309
38,sub,False,,8,"[2,2,2,2,2,2,2,10]","[2,2,2,2,2,2,2,10]",1280,10.321928094887362,16,16,48,8.0,1.0,3.0,5.061278,0.0125,2.0,0.25,1.0,0.125,0.775,0.6309
39,sub,False,,8,"[2,2,2,2,2,2,2,11]","[2,2,2,2,2,2,2,11]",1408,10.459431618637296,16,16,48,8.0,1.0,3.0,5.061278,0.011364,2.0,0.25,1.0,0.125,0.7649,0.6309
40,sub,False,,8,"[2,2,2,2,2,2,2,12]","[2,2,2,2,2,2,2,12]",1536,10.584962500721156,16,16,48,8.0,1.0,3.0,5.061278,0.010417,2.0,0.25,1.0,0.125,0.7558,0.6309
41,sub,False,,8,"[2,2,2,2,2,2,2,13]","[2,2,2,2,2,2,2,13]",1664,10.700439718141093,16,16,48,8.0,1.0,3.0,5.061278,0.009615,2.0,0.25,1.0,0.125,0.7476,0.6309
42,sub,False,,8,"[2,2,2,2,2,2,2,14]","[2,2,2,2,2,2,2,14]",1792,10.807354922057604,16,16,48,8.0,1.0,3.0,5.061278,0.008929,2.0,0.25,1.0,0.125,0.7402,0.6309
43,sub,False,,8,"[2,2,2,2,2,2,2,15]","[2,2,2,2,2,2,2,15]",1920,10.906890595608518,16,16,48,8.0,1.0,3.0,5.061278,0.008333,2.0,0.25,1.0,0.125,0.7335,0.6309
44,sub,False,,8,"[2,2,2,2,2,2,2,16]","[2,2,2,2,2,2,2,16]",2048,11.0,16,16,48,8.0,1.0,3.0,5.061278,0.007812,2.0,0.25,1.0,0.125,0.7273,0.6309
45,sub,False,,8,"[2,2,2,2,2,2,2,17]","[2,2,2,2,2,2,2,17]",2176,11.087462841250339,16,16,48,8.0,1.0,3.0,5.061278,0.007353,2.0,0.25,1.0,0.125,0.7215,0.6309
46,sub,False,,8,"[2,2,2,2,2,2,2,18]","[2,2,2,2,2,2,2,18]",2304,11.169925001442312,16,16,48,8.0,1.0,3.0,5.061278,0.006944,2.0,0.25,1.0,0.125,0.7162,0.6309
47,sub,False,,8,"[2,2,2,2,2,2,2,19]","[2,2,2,2,2,2,2,19]",2432,11.247927513443585,16,16,48,8.0,1.0,3.0,5.061278,0.006579,2.0,0.25,1.0,0.125,0.7112,0.6309
48,sub,False,,8,"[2,2,2,2,2,2,2,20]","[2,2,2,2,2,2,2,20]",2560,11.321928094887362,16,16,48,8.0,1.0,3.0,5.061278,0.00625,2.0,0.25,1.0,0.125,0.7066,0.6309
49,sub,False,,8,"[2,2,2,2,2,3,2,3]","[2,2,2,2,2,2,3,3]",576,9.169925001442312,20,20,58,8.243856,1.030482,2.921928,5.244668,0.034722,2.5,0.3125,1.0,0.125,0.899,0.6502
50,sub,False,,8,"[2,2,2,2,3,2,2,4]","[2,2,2,2,2,2,3,4]",768,9.584962500721156,20,20,58,8.243856,1.030482,2.921928,5.244668,0.026042,2.5,0.3125,1.0,0.125,0.8601,0.6502
51,sub,False,,8,"[2,2,2,3,2,2,2,5]","[2,2,2,2,2,2,3,5]",960,9.906890595608518,20,20,58,8.243856,1.030482,2.921928,5.244668,0.020833,2.5,0.3125,1.0,0.125,0.8321,0.6502
52,sub,False,,8,"[2,2,2,2,2,3,2,6]","[2,2,2,2,2,2,3,6]",1152,10.169925001442312,20,20,58,8.243856,1.030482,2.921928,5.244668,0.017361,2.5,0.3125,1.0,0.125,0.8106,0.6502
53,sub,False,,8,"[2,2,2,2,2,2,3,7]","[2,2,2,2,2,2,3,7]",1344,10.39231742277876,22,22,63,8.497696,1.062212,2.897408,5.317165,0.016369,2.75,0.3438,1.0,0.125,0.8177,0.6702
54,sub,False,,8,"[2,2,2,2,2,2,3,8]","[2,2,2,2,2,2,3,8]",1536,10.584962500721156,22,22,63,8.497696,1.062212,2.897408,5.317165,0.014323,2.75,0.3438,1.0,0.125,0.8028,0.6702
55,sub,False,,8,"[2,2,2,2,2,2,3,9]","[2,2,2,2,2,2,3,9]",1728,10.754887502163468,22,22,63,8.497696,1.062212,2.897408,5.317165,0.012731,2.75,0.3438,1.0,0.125,0.7901,0.6702
56,sub,False,,8,"[2,2,2,2,2,2,3,10]","[2,2,2,2,2,2,3,10]",1920,10.906890595608518,22,22,63,8.497696,1.062212,2.897408,5.317165,0.011458,2.75,0.3438,1.0,0.125,0.7791,0.6702
57,sub,False,,8,"[2,2,2,2,2,2,3,11]","[2,2,2,2,2,2,3,11]",2112,11.044394119358454,22,22,63,8.497696,1.062212,2.897408,5.317165,0.010417,2.75,0.3438,1.0,0.125,0.7694,0.6702
58,sub,False,,8,"[2,2,2,2,2,2,3,12]","[2,2,2,2,2,2,3,12]",2304,11.169925001442312,22,22,63,8.497696,1.062212,2.897408,5.317165,0.009549,2.75,0.3438,1.0,0.125,0.7608,0.6702
59,sub,False,,8,"[2,2,2,2,2,2,3,13]","[2,2,2,2,2,2,3,13]",2496,11.285402218862249,22,22,63,8.497696,1.062212,2.897408,5.317165,0.008814,2.75,0.3438,1.0,0.125,0.753,0.6702
60,sub,False,,8,"[2,2,2,2,2,4,2,4]","[2,2,2,2,2,2,4,4]",1024,10.0,20,20,58,8.547632,1.068454,2.921928,5.220431,0.019531,2.5,0.3125,1.0,0.125,0.8548,0.6741
61,sub,False,,8,"[2,2,2,2,4,2,2,5]","[2,2,2,2,2,2,4,5]",1280,10.321928094887362,20,20,58,8.547632,1.068454,2.921928,5.220431,0.015625,2.5,0.3125,1.0,0.125,0.8281,0.6741
62,sub,False,,8,"[2,2,2,2,2,2,4,6]","[2,2,2,2,2,2,4,6]",1536,10.584962500721156,47,37,102,10.025581,1.253198,2.839366,5.802428,0.030599,5.875,0.7344,0.7872,0.0984,0.9472,0.7907
63,sub,False,,8,"[2,2,2,2,2,2,4,7]","[2,2,2,2,2,2,4,7]",1792,10.807354922057604,47,37,102,10.025581,1.253198,2.839366,5.802428,0.026228,5.875,0.7344,0.7872,0.0984,0.9277,0.7907
64,sub,False,,8,"[2,2,2,2,2,2,4,8]","[2,2,2,2,2,2,4,8]",2048,11.0,47,37,102,10.025581,1.253198,2.839366,5.802428,0.022949,5.875,0.7344,0.7872,0.0984,0.9114,0.7907
65,sub,False,,8,"[2,2,2,2,2,2,4,9]","[2,2,2,2,2,2,4,9]",2304,11.169925001442312,47,37,102,10.025581,1.253198,2.839366,5.802428,0.020399,5.875,0.7344,0.7872,0.0984,0.8976,0.7907
66,sub,False,,8,"[2,2,2,2,2,2,4,10]","[2,2,2,2,2,2,4,10]",2560,11.321928094887362,47,37,102,10.025581,1.253198,2.839366,5.802428,0.018359,5.875,0.7344,0.7872,0.0984,0.8855,0.7907
67,sub,False,,8,"[2,2,2,2,2,2,5,5]","[2,2,2,2,2,2,5,5]",1600,10.643856189774725,44,40,109,9.79738,1.224672,2.411339,5.713949,0.0275,5.5,0.6875,0.9091,0.1136,0.9205,0.7727
68,sub,False,,8,"[2,2,2,2,2,2,5,6]","[2,2,2,2,2,2,5,6]",1920,10.906890595608518,47,43,116,9.873146,1.234143,2.379271,5.746192,0.024479,5.875,0.7344,0.9149,0.1144,0.9052,0.7787
69,sub,False,,8,"[2,2,2,2,2,2,5,7]","[2,2,2,2,2,2,5,7]",2240,11.129283016944967,47,43,116,9.873146,1.234143,2.379271,5.746192,0.020982,5.875,0.7344,0.9149,0.1144,0.8871,0.7787
70,sub,False,,8,"[2,2,2,2,2,2,5,8]","[2,2,2,2,2,2,5,8]",2560,11.321928094887362,47,43,116,9.873146,1.234143,2.379271,5.746192,0.018359,5.875,0.7344,0.9149,0.1144,0.872,0.7787
71,sub,False,,8,"[2,2,2,2,2,2,6,6]","[2,2,2,2,2,2,6,6]",2304,11.169925001442312,46,45,117,10.131838,1.26648,2.32644,5.769664,0.019965,5.75,0.7188,0.9783,0.1223,0.9071,0.7991
72,sub,False,,8,"[2,2,2,3,2,3,2,3]","[2,2,2,2,2,3,3,3]",864,9.754887502163468,21,21,61,8.43283,1.054104,2.927799,5.284864,0.024306,2.625,0.3281,1.0,0.125,0.8645,0.6651
73,sub,False,,8,"[2,2,2,2,3,2,3,4]","[2,2,2,2,2,3,3,4]",1152,10.169925001442312,36,32,90,9.060125,1.132516,2.747167,5.667518,0.03125,4.5,0.5625,0.8889,0.1111,0.8909,0.7145
74,sub,False,,8,"[2,2,2,2,3,3,2,5]","[2,2,2,2,2,3,3,5]",1440,10.491853096329674,22,22,63,8.497696,1.062212,2.897408,5.317165,0.015278,2.75,0.3438,1.0,0.125,0.8099,0.6702
75,sub,False,,8,"[2,2,2,3,2,6,2,3]","[2,2,2,2,2,3,3,6]",1728,10.754887502163468,28,28,78,8.880435,1.110054,2.842371,5.45724,0.016204,3.5,0.4375,1.0,0.125,0.8257,0.7004
76,sub,False,,8,"[2,2,2,2,2,3,7,3]","[2,2,2,2,2,3,3,7]",2016,10.977279923499916,47,42,112,9.812554,1.226569,2.459453,5.748927,0.023313,5.875,0.7344,0.8936,0.1117,0.8939,0.7739
77,sub,False,,8,"[2,2,2,2,2,3,8,3]","[2,2,2,2,2,3,3,8]",2304,11.169925001442312,46,40,109,9.160053,1.145007,2.45792,5.652603,0.019965,5.75,0.7188,0.8696,0.1087,0.8201,0.7224
78,sub,False,,8,"[2,2,3,2,4,2,2,4]","[2,2,2,2,2,3,4,4]",1536,10.584962500721156,24,24,68,8.678668,1.084833,2.918296,5.377892,0.015625,3.0,0.375,1.0,0.125,0.8199,0.6845
79,sub,False,,8,"[2,2,3,2,4,2,2,5]","[2,2,2,2,2,3,4,5]",1920,10.906890595608518,24,24,68,8.678668,1.084833,2.918296,5.377892,0.0125,3.0,0.375,1.0,0.125,0.7957,0.6845
80,sub,False,,8,"[2,2,2,4,3,2,2,6]","[2,2,2,2,2,3,4,6]",2304,11.169925001442312,27,27,76,9.277428,1.159678,2.735283,5.461743,0.011719,3.375,0.4219,1.0,0.125,0.8306,0.7317
81,sub,False,,8,"[2,2,2,3,5,2,2,5]","[2,2,2,2,2,3,5,5]",2400,11.228818690495881,36,32,89,9.3811,1.172637,2.61179,5.619712,0.015,4.5,0.5625,0.8889,0.1111,0.8354,0.7399
82,sub,False,,8,"[2,2,2,2,2,4,4,4]","[2,2,2,2,2,4,4,4]",2048,11.0,47,43,113,10.193656,1.274207,2.541335,5.8316,0.022949,5.875,0.7344,0.9149,0.1144,0.9267,0.8039
83,sub,False,,8,"[2,2,2,4,2,5,2,4]","[2,2,2,2,2,4,4,5]",2560,11.321928094887362,28,28,78,9.055613,1.131952,2.842371,5.469248,0.010937,3.5,0.4375,1.0,0.125,0.7998,0.7142
84,sub,False,,8,"[2,2,2,2,3,3,3,3]","[2,2,2,2,3,3,3,3]",1296,10.339850002884624,28,28,79,9.144258,1.143032,2.893647,5.514274,0.021605,3.5,0.4375,1.0,0.125,0.8844,0.7212
85,sub,False,,8,"[2,2,3,2,3,4,2,3]","[2,2,2,2,3,3,3,4]",1728,10.754887502163468,36,32,90,9.060125,1.132516,2.747167,5.667518,0.020833,4.5,0.5625,0.8889,0.1111,0.8424,0.7145
86,sub,False,,8,"[2,2,3,2,3,5,2,3]","[2,2,2,2,3,3,3,5]",2160,11.076815597050832,37,34,94,9.302102,1.162763,2.729761,5.679283,0.01713,4.625,0.5781,0.9189,0.1149,0.8398,0.7336
87,sub,False,,8,"[2,2,3,2,4,2,4,3]","[2,2,2,2,3,3,4,4]",2304,11.169925001442312,37,36,98,9.558245,1.194781,2.845022,5.741138,0.016059,4.625,0.5781,0.973,0.1216,0.8557,0.7538
88,sub,False,,8,"[2,3,2,3,2,3,3,3]","[2,2,2,3,3,3,3,3]",1944,10.92481250360578,42,39,111,10.322716,1.290339,2.934715,6.046705,0.021605,5.25,0.6562,0.9286,0.1161,0.9449,0.8141
89,sub_n9table7,False,,9,"[2,3,2,3,3,3,2,3,4]","[2,2,2,3,3,3,3,3,4]",7776,12.92481250360578,47,45,127,11.993172,1.332575,3.141821,6.112361,0.006044,5.2222,0.5802,0.9574,0.1064,0.9279,0.8408
90,sub_n9table7,False,,9,"[2,3,2,3,3,3,2,4,3]","[2,2,2,3,3,3,3,3,4]",7776,12.92481250360578,47,46,129,12.533165,1.392574,3.118344,6.109495,0.006044,5.2222,0.5802,0.9787,0.1087,0.9697,0.8786
91,sub_n9table7,False,,9,"[2,3,2,3,2,3,3,3,4]","[2,2,2,3,3,3,3,3,4]",7776,12.92481250360578,47,45,130,12.295995,1.366222,3.12096,6.130738,0.006044,5.2222,0.5802,0.9574,0.1064,0.9513,0.862
92,sub_n9table7,False,,9,"[2,3,2,3,3,3,3,2,4]","[2,2,2,3,3,3,3,3,4]",7776,12.92481250360578,44,43,123,12.370258,1.374473,3.146963,6.068824,0.005658,4.8889,0.5432,0.9773,0.1086,0.9571,0.8672
93,sub_n9table7,False,,9,"[2,2,3,3,2,3,4,3,3]","[2,2,2,3,3,3,3,3,4]",7776,12.92481250360578,51,44,120,10.467393,1.163044,2.868512,5.920112,0.006559,5.6667,0.6296,0.8627,0.0959,0.8099,0.7338
94,sub_n9table7,False,,9,"[2,3,2,3,2,3,2,3,6]","[2,2,2,2,3,3,3,3,6]",7776,12.92481250360578,53,47,133,12.153186,1.350354,3.069019,6.169092,0.006816,5.8889,0.6543,0.8868,0.0985,0.9403,0.852
95,sub_n9table7,False,,9,"[2,2,3,2,6,2,3,3,3]","[2,2,2,2,3,3,3,3,6]",7776,12.92481250360578,39,39,107,10.077409,1.119712,3.106076,5.713843,0.005015,4.3333,0.4815,1.0,0.1111,0.7797,0.7065
96,sub_n9table7,False,,9,"[2,2,2,3,2,3,6,3,3]","[2,2,2,2,3,3,3,3,6]",7776,12.92481250360578,53,43,119,10.150327,1.127814,2.71721,5.784715,0.006816,5.8889,0.6543,0.8113,0.0901,0.7853,0.7116
97,sub_n9table7,False,,9,"[2,2,3,2,3,6,3,2,3]","[2,2,2,2,3,3,3,3,6]",7776,12.92481250360578,53,43,119,10.150327,1.127814,2.71721,5.784715,0.006816,5.8889,0.6543,0.8113,0.0901,0.7853,0.7116
